{"cameraMode":{"drawMode":0,"name":"Shaded","section":"Shading Mode"},"sceneLighting":true,"audioPlay":false,"sceneViewState":{"showFog":false,"showMaterialUpdate":false,"showSkybox":false,"showFlares":false,"showImageEffects":false,"showParticleSystems":false},"in2DMode":false,"pivot":{"x":8.674272537231446,"y":4.595495223999023,"z":-3.7627196311950685},"rotation":{"x":0.257743775844574,"y":-0.04721739888191223,"z":0.012596948072314263,"w":0.9649926424026489},"size":9.234375953674317,"orthographic":true}