{"cameraMode":{"drawMode":0,"name":"Shaded","section":"Shading Mode"},"sceneLighting":false,"audioPlay":false,"sceneViewState":{"showFog":false,"showMaterialUpdate":false,"showSkybox":false,"showFlares":false,"showImageEffects":false,"showParticleSystems":false},"in2DMode":false,"pivot":{"x":4.210000038146973,"y":0.02490234375,"z":8.579999923706055},"rotation":{"x":-0.3590545356273651,"y":0.6173896789550781,"z":-0.37513720989227297,"w":-0.5909278988838196},"size":0.8660253882408142,"orthographic":true}