{"cameraMode":{"drawMode":0,"name":"Shaded","section":"Shading Mode"},"sceneLighting":false,"audioPlay":false,"sceneViewState":{"showFog":false,"showMaterialUpdate":false,"showSkybox":false,"showFlares":false,"showImageEffects":false,"showParticleSystems":false},"in2DMode":false,"pivot":{"x":-0.8100004196166992,"y":0.05000019073486328,"z":-9.34000015258789},"rotation":{"x":0.1950552612543106,"y":0.7181746959686279,"z":-0.22240209579467774,"w":0.6298721432685852},"size":17.32050895690918,"orthographic":false}