{"cameraMode":{"drawMode":0,"name":"Shaded","section":"Shading Mode"},"sceneLighting":true,"audioPlay":false,"sceneViewState":{"showFog":false,"showMaterialUpdate":false,"showSkybox":false,"showFlares":false,"showImageEffects":false,"showParticleSystems":false},"in2DMode":false,"pivot":{"x":97.45333099365235,"y":-99.70372009277344,"z":21.75646209716797},"rotation":{"x":0.30413421988487246,"y":0.5795325040817261,"z":-0.2466057687997818,"w":0.7147436738014221},"size":80.16026306152344,"orthographic":false}