{"cameraMode":{"drawMode":0,"name":"Shaded","section":"Shading Mode"},"sceneLighting":true,"audioPlay":true,"sceneViewState":{"showFog":false,"showMaterialUpdate":false,"showSkybox":false,"showFlares":false,"showImageEffects":false,"showParticleSystems":false},"in2DMode":false,"pivot":{"x":2.299562454223633,"y":12.902885437011719,"z":-11.489675521850586},"rotation":{"x":-0.16670925915241242,"y":-0.8176876306533814,"z":0.2910362780094147,"w":-0.4680362641811371},"size":22.475692749023439,"orthographic":false}