{"cameraMode":{"drawMode":2,"name":"Shaded Wireframe","section":"Shading Mode"},"sceneLighting":false,"audioPlay":false,"sceneViewState":{"showFog":true,"showMaterialUpdate":true,"showSkybox":true,"showFlares":true,"showImageEffects":true,"showParticleSystems":true},"in2DMode":false,"pivot":{"x":0.3835965394973755,"y":-3.3105971813201906,"z":-0.79351806640625},"rotation":{"x":0.9388481974601746,"y":-0.04868641868233681,"z":-0.14910291135311128,"w":-0.3065476715564728},"size":4.130007743835449,"orthographic":false}